{
    "einstein_radius_max_lh": 0.765338252809855,
    "einstein_radius_median_pdf": 0.76129827856502,
    "einstein_radius_lower_3_sigma": 0.7378575326848895,
    "einstein_radius_upper_3_sigma": 0.7735299009317073,
    "vis_total_lens_flux_max_lh": 23.91956304770685,
    "vis_total_lensed_source_flux_max_lh": 3.8087914233745996,
    "vis_total_source_flux_max_lh": 2.5119007371788,
    "vis_magnification_max_lh": 11.108393724330226,
    "vis_max_lensed_source_signal_to_noise_ratio": 8.24362112038324,
    "vis_lens_magnitude_ab_max_lh": 21.153116895290072,
    "vis_lensed_source_magnitude_ab_max_lh": 23.148032023688728,
    "vis_source_magnitude_ab_max_lh": 23.59999381654418,
    "vis_total_lens_flux_median_pdf": 23.89001494608077,
    "vis_total_lens_flux_lower_3_sigma": 23.67422046339576,
    "vis_total_lens_flux_upper_3_sigma": 24.059742955137104,
    "vis_total_lensed_source_flux_median_pdf": 3.830640189901109,
    "vis_total_lensed_source_flux_lower_3_sigma": 3.664808984935908,
    "vis_total_lensed_source_flux_upper_3_sigma": 4.040183990582413,
    "vis_total_source_flux_median_pdf": 2.6941535850537717,
    "vis_total_source_flux_lower_3_sigma": 2.3278544287931884,
    "vis_total_source_flux_upper_3_sigma": 3.0970713803273955,
    "vis_total_magnification_median_pdf": 11.142293689174341,
    "vis_total_magnification_lower_3_sigma": 9.654734771852649,
    "vis_total_magnification_upper_3_sigma": 12.8077749323495,
    "vis_lens_magnitude_ab_median_pdf": 21.154458959511295,
    "vis_lens_magnitude_ab_lower_3_sigma": 21.146772581096513,
    "vis_lens_magnitude_ab_upper_3_sigma": 21.1643108997972,
    "vis_lensed_source_magnitude_ab_median_pdf": 23.14182159797759,
    "vis_lensed_source_magnitude_ab_lower_3_sigma": 23.08400041700888,
    "vis_lensed_source_magnitude_ab_upper_3_sigma": 23.189873074305826,
    "vis_source_magnitude_ab_median_pdf": 23.52394803579781,
    "vis_source_magnitude_ab_lower_3_sigma": 23.372622709924947,
    "vis_source_magnitude_ab_upper_3_sigma": 23.682638216485604
}