id,mass_centre_0,mass_einstein_radius
42a9ba6a22fe5e790adb7c943915e1c6,0.0038863942732016567,1.0032029927312618
